Workbook

Sheet 笔记采集
A1: note_id | B1: 采集日期 | C1: 主赛道 | D1: 细分赛道 | E1: 搜索关键词 | F1: 笔记标题 | G1: URL | H1: 发布日期 | I1: 作者 | J1: 作者类型 | K1: 粉丝数(可见) | L1: 点赞 | M1: 收藏 | N1: 评论 | O1: 收藏/点赞比 | P1: 求资料评论数 | Q1: 求资料率 | R1: 求资料关键词 | S1: 用户任务阶段 | T1: 内容类型 | U1: 产品/交易信号 | V1: 可见价格 | W1: 产品形态 | X1: 痛点强度1-5 | Y1: 商业信号1-5 | Z1: 证据等级 | AA1: 最近核验日期 | AB1: 状态 | AC1: 去重键 | AD1: 备注
O2: =IFERROR(M2/L2,0) | Q2: =IFERROR(P2/N2,0) | AC2: =IF(AND(G2="",C2="",D2="",F2=""),"",IF(G2<>"",G2,C2&"|"&D2&"|"&F2))
O3: =IFERROR(M3/L3,0) | Q3: =IFERROR(P3/N3,0) | AC3: =IF(AND(G3="",C3="",D3="",F3=""),"",IF(G3<>"",G3,C3&"|"&D3&"|"&F3))
O4: =IFERROR(M4/L4,0) | Q4: =IFERROR(P4/N4,0) | AC4: =IF(AND(G4="",C4="",D4="",F4=""),"",IF(G4<>"",G4,C4&"|"&D4&"|"&F4))
O5: =IFERROR(M5/L5,0) | Q5: =IFERROR(P5/N5,0) | AC5: =IF(AND(G5="",C5="",D5="",F5=""),"",IF(G5<>"",G5,C5&"|"&D5&"|"&F5))
O6: =IFERROR(M6/L6,0) | Q6: =IFERROR(P6/N6,0) | AC6: =IF(AND(G6="",C6="",D6="",F6=""),"",IF(G6<>"",G6,C6&"|"&D6&"|"&F6))
O7: =IFERROR(M7/L7,0) | Q7: =IFERROR(P7/N7,0) | AC7: =IF(AND(G7="",C7="",D7="",F7=""),"",IF(G7<>"",G7,C7&"|"&D7&"|"&F7))
O8: =IFERROR(M8/L8,0) | Q8: =IFERROR(P8/N8,0) | AC8: =IF(AND(G8="",C8="",D8="",F8=""),"",IF(G8<>"",G8,C8&"|"&D8&"|"&F8))
O9: =IFERROR(M9/L9,0) | Q9: =IFERROR(P9/N9,0) | AC9: =IF(AND(G9="",C9="",D9="",F9=""),"",IF(G9<>"",G9,C9&"|"&D9&"|"&F9))
O10: =IFERROR(M10/L10,0) | Q10: =IFERROR(P10/N10,0) | AC10: =IF(AND(G10="",C10="",D10="",F10=""),"",IF(G10<>"",G10,C10&"|"&D10&"|"&F10))
O11: =IFERROR(M11/L11,0) | Q11: =IFERROR(P11/N11,0) | AC11: =IF(AND(G11="",C11="",D11="",F11=""),"",IF(G11<>"",G11,C11&"|"&D11&"|"&F11))
O12: =IFERROR(M12/L12,0) | Q12: =IFERROR(P12/N12,0) | AC12: =IF(AND(G12="",C12="",D12="",F12=""),"",IF(G12<>"",G12,C12&"|"&D12&"|"&F12))
O13: =IFERROR(M13/L13,0) | Q13: =IFERROR(P13/N13,0) | AC13: =IF(AND(G13="",C13="",D13="",F13=""),"",IF(G13<>"",G13,C13&"|"&D13&"|"&F13))
... O21: =IFERROR(M21/L21,0) | Q21: =IFERROR(P21/N21,0) | AC21: =IF(AND(G21="",C21="",D21="",F21=""),"",IF(G21<>"",G21,C21&"|"&D21&"|"&F21))

Sheet 评论需求样本
A1: comment_id | B1: note_id | C1: 采集日期 | D1: 评论文本摘录 | E1: 信号类型 | F1: 需求强度1-5 | G1: 是否求资料 | H1: 是否询价 | I1: 是否表达痛点 | J1: 期望资料形式 | K1: 所属用户任务 | L1: 评论点赞(可见) | M1: 证据URL/定位 | N1: 最近核验日期 | O1: 备注

Sheet 字段说明
A1: 字段 | B1: 必填 | C1: 类型 | D1: 定义/采集规则 | E1: Agent校验规则
A2: note_id | B2: 是 | C2: string | D2: 稳定内部ID | E2: 不得重复
A3: 采集日期 | B3: 是 | C3: date | D3: 实际采集日期 | E3: YYYY-MM-DD
A4: 主赛道/细分赛道 | B4: 是 | C4: string | D4: 统一赛道词表 | E4: 先归一化再入库
A5: 搜索关键词 | B5: 是 | C5: string | D5: 触发发现的原始搜索词 | E5: 保留原词
A6: 笔记标题 | B6: 是 | C6: string | D6: 公开可见标题 | E6: 不自行改写成结论
A7: URL | B7: 优先 | C7: url | D7: 可复核链接或可定位搜索词 | E7: 去除无关追踪参数
A8: 互动数据 | B8: 条件必填 | C8: integer | D8: 仅记录公开可见数值 | E8: 不可猜测；不可见留空
A9: 收藏/点赞比 | B9: 自动 | C9: percent | D9: 收藏÷点赞 | E9: 点赞为0返回0
A10: 求资料评论数 | B10: 推荐 | C10: integer | D10: 明确求模板/资料/下载/购买评论数 | E10: 注明抽样范围
A11: 求资料率 | B11: 自动 | C11: percent | D11: 求资料评论数÷评论数 | E11: 仅作启发式
A12: 证据等级 | B12: 是 | C12: enum | D12: A官方/B交易/C内容/D用户表达/E推断 | E12: 重要结论至少2类证据
... A14: 去重键 | B14: 自动 | C14: string | D14: 优先URL，否则赛道+标题 | E14: 同URL只留一个主记录

Sheet 枚举值
A1: 字段 | B1: 允许值
A2: 作者类型 | B2: 个人创作者|专业号/机构|品牌/商家|未知
A3: 内容类型 | B3: 经验复盘|避坑|清单|模板|教程|测评/对比|案例|问答|产品展示|其他
A4: 产品形态 | B4: PDF|Excel|Word|PPT|Notion|Prompt|工作流|图纸|图片/卡片|视频课|资料库|组合包|未知
A5: 证据等级 | B5: A-官方/平台规则|B-交易/销量/评价|C-公开内容可见信号|D-评论/用户表达|E-推断/待验证
A6: 状态 | B6: 有效|待复核|重复|失效/删除|规则风险
A7: 评论信号类型 | B7: 求资料|询价/购买|抱怨/踩坑|求步骤|求工具|求对比|求更新|其他

Sheet 采集看板
A1: 小红书虚拟资料需求采集看板 | B1: 值 | C1: 说明
A2: 有效笔记数 | B2: =COUNTIF('笔记采集'!AB2:AB1000,"有效")
A3: 高保存笔记数 | B3: =SUMPRODUCT(--('笔记采集'!M2:M1000>'笔记采集'!L2:L1000),--('笔记采集'!AB2:AB1000="有效")) | C3: 收藏>点赞
A4: 平均收藏/点赞比 | B4: =IFERROR(AVERAGEIF('笔记采集'!O2:O1000,">0"),0)
A5: 高求资料率笔记 | B5: =COUNTIFS('笔记采集'!Q2:Q1000,">=0.2",'笔记采集'!AB2:AB1000,"有效") | C5: ≥20%启发式
A6: 有产品/交易信号 | B6: =COUNTIFS('笔记采集'!U2:U1000,"<>",'笔记采集'!AB2:AB1000,"有效")
A7: 评论需求样本数 | B7: =COUNTIF('评论需求样本'!A2:A2000,"<>")
A8: 版本 | B8: v1.0 | C8: 只记录公开可见信息
