Workbook

Sheet 评分录入
A1: track_id | B1: 评估日期 | C1: 主赛道 | D1: 细分赛道 | E1: 用户任务 | F1: 目标人群 | G1: 痛点强度1-5 | H1: 小红书需求强度1-5 | I1: 收藏/保存意图1-5 | J1: 求资料信号1-5 | K1: 付费验证1-5 | L1: 竞争友好度1-5 | M1: 差异化空间1-5 | N1: 制作成本友好度1-5 | O1: 更新/复购潜力1-5 | P1: 合规友好度1-5 | Q1: 证据充分度1-5 | R1: 总分0-100 | S1: 自动决策 | T1: 证据条数 | U1: 最近核验日期 | V1: 核心证据URL | W1: 风险/备注
R2: =G2*'评分标准'!$B$2/5+H2*'评分标准'!$B$3/5+I2*'评分标准'!$B$4/5+J2*'评分标准'!$B$5/5+K2*'评分标准'!$B$6/5+L2*'评分标准'!$B$7/5+M2*'评分标准'!$B$8/5+N2*'评分标准'!$B$9/5+O2*'评分标准'!$B$10/5+P2*'评分标准'!$B$11/5 | S2: =IF(A2="","",IF(Q2<3,"证据不足",IF(R2>='门禁参数'!$B$2,"进入MVP",IF(R2>='门禁参数'!$B$3,"继续观察","淘汰/搁置"))))
R3: =G3*'评分标准'!$B$2/5+H3*'评分标准'!$B$3/5+I3*'评分标准'!$B$4/5+J3*'评分标准'!$B$5/5+K3*'评分标准'!$B$6/5+L3*'评分标准'!$B$7/5+M3*'评分标准'!$B$8/5+N3*'评分标准'!$B$9/5+O3*'评分标准'!$B$10/5+P3*'评分标准'!$B$11/5 | S3: =IF(A3="","",IF(Q3<3,"证据不足",IF(R3>='门禁参数'!$B$2,"进入MVP",IF(R3>='门禁参数'!$B$3,"继续观察","淘汰/搁置"))))
R4: =G4*'评分标准'!$B$2/5+H4*'评分标准'!$B$3/5+I4*'评分标准'!$B$4/5+J4*'评分标准'!$B$5/5+K4*'评分标准'!$B$6/5+L4*'评分标准'!$B$7/5+M4*'评分标准'!$B$8/5+N4*'评分标准'!$B$9/5+O4*'评分标准'!$B$10/5+P4*'评分标准'!$B$11/5 | S4: =IF(A4="","",IF(Q4<3,"证据不足",IF(R4>='门禁参数'!$B$2,"进入MVP",IF(R4>='门禁参数'!$B$3,"继续观察","淘汰/搁置"))))
R5: =G5*'评分标准'!$B$2/5+H5*'评分标准'!$B$3/5+I5*'评分标准'!$B$4/5+J5*'评分标准'!$B$5/5+K5*'评分标准'!$B$6/5+L5*'评分标准'!$B$7/5+M5*'评分标准'!$B$8/5+N5*'评分标准'!$B$9/5+O5*'评分标准'!$B$10/5+P5*'评分标准'!$B$11/5 | S5: =IF(A5="","",IF(Q5<3,"证据不足",IF(R5>='门禁参数'!$B$2,"进入MVP",IF(R5>='门禁参数'!$B$3,"继续观察","淘汰/搁置"))))
R6: =G6*'评分标准'!$B$2/5+H6*'评分标准'!$B$3/5+I6*'评分标准'!$B$4/5+J6*'评分标准'!$B$5/5+K6*'评分标准'!$B$6/5+L6*'评分标准'!$B$7/5+M6*'评分标准'!$B$8/5+N6*'评分标准'!$B$9/5+O6*'评分标准'!$B$10/5+P6*'评分标准'!$B$11/5 | S6: =IF(A6="","",IF(Q6<3,"证据不足",IF(R6>='门禁参数'!$B$2,"进入MVP",IF(R6>='门禁参数'!$B$3,"继续观察","淘汰/搁置"))))
R7: =G7*'评分标准'!$B$2/5+H7*'评分标准'!$B$3/5+I7*'评分标准'!$B$4/5+J7*'评分标准'!$B$5/5+K7*'评分标准'!$B$6/5+L7*'评分标准'!$B$7/5+M7*'评分标准'!$B$8/5+N7*'评分标准'!$B$9/5+O7*'评分标准'!$B$10/5+P7*'评分标准'!$B$11/5 | S7: =IF(A7="","",IF(Q7<3,"证据不足",IF(R7>='门禁参数'!$B$2,"进入MVP",IF(R7>='门禁参数'!$B$3,"继续观察","淘汰/搁置"))))
R8: =G8*'评分标准'!$B$2/5+H8*'评分标准'!$B$3/5+I8*'评分标准'!$B$4/5+J8*'评分标准'!$B$5/5+K8*'评分标准'!$B$6/5+L8*'评分标准'!$B$7/5+M8*'评分标准'!$B$8/5+N8*'评分标准'!$B$9/5+O8*'评分标准'!$B$10/5+P8*'评分标准'!$B$11/5 | S8: =IF(A8="","",IF(Q8<3,"证据不足",IF(R8>='门禁参数'!$B$2,"进入MVP",IF(R8>='门禁参数'!$B$3,"继续观察","淘汰/搁置"))))
R9: =G9*'评分标准'!$B$2/5+H9*'评分标准'!$B$3/5+I9*'评分标准'!$B$4/5+J9*'评分标准'!$B$5/5+K9*'评分标准'!$B$6/5+L9*'评分标准'!$B$7/5+M9*'评分标准'!$B$8/5+N9*'评分标准'!$B$9/5+O9*'评分标准'!$B$10/5+P9*'评分标准'!$B$11/5 | S9: =IF(A9="","",IF(Q9<3,"证据不足",IF(R9>='门禁参数'!$B$2,"进入MVP",IF(R9>='门禁参数'!$B$3,"继续观察","淘汰/搁置"))))
R10: =G10*'评分标准'!$B$2/5+H10*'评分标准'!$B$3/5+I10*'评分标准'!$B$4/5+J10*'评分标准'!$B$5/5+K10*'评分标准'!$B$6/5+L10*'评分标准'!$B$7/5+M10*'评分标准'!$B$8/5+N10*'评分标准'!$B$9/5+O10*'评分标准'!$B$10/5+P10*'评分标准'!$B$11/5 | S10: =IF(A10="","",IF(Q10<3,"证据不足",IF(R10>='门禁参数'!$B$2,"进入MVP",IF(R10>='门禁参数'!$B$3,"继续观察","淘汰/搁置"))))
R11: =G11*'评分标准'!$B$2/5+H11*'评分标准'!$B$3/5+I11*'评分标准'!$B$4/5+J11*'评分标准'!$B$5/5+K11*'评分标准'!$B$6/5+L11*'评分标准'!$B$7/5+M11*'评分标准'!$B$8/5+N11*'评分标准'!$B$9/5+O11*'评分标准'!$B$10/5+P11*'评分标准'!$B$11/5 | S11: =IF(A11="","",IF(Q11<3,"证据不足",IF(R11>='门禁参数'!$B$2,"进入MVP",IF(R11>='门禁参数'!$B$3,"继续观察","淘汰/搁置"))))
R12: =G12*'评分标准'!$B$2/5+H12*'评分标准'!$B$3/5+I12*'评分标准'!$B$4/5+J12*'评分标准'!$B$5/5+K12*'评分标准'!$B$6/5+L12*'评分标准'!$B$7/5+M12*'评分标准'!$B$8/5+N12*'评分标准'!$B$9/5+O12*'评分标准'!$B$10/5+P12*'评分标准'!$B$11/5 | S12: =IF(A12="","",IF(Q12<3,"证据不足",IF(R12>='门禁参数'!$B$2,"进入MVP",IF(R12>='门禁参数'!$B$3,"继续观察","淘汰/搁置"))))
R13: =G13*'评分标准'!$B$2/5+H13*'评分标准'!$B$3/5+I13*'评分标准'!$B$4/5+J13*'评分标准'!$B$5/5+K13*'评分标准'!$B$6/5+L13*'评分标准'!$B$7/5+M13*'评分标准'!$B$8/5+N13*'评分标准'!$B$9/5+O13*'评分标准'!$B$10/5+P13*'评分标准'!$B$11/5 | S13: =IF(A13="","",IF(Q13<3,"证据不足",IF(R13>='门禁参数'!$B$2,"进入MVP",IF(R13>='门禁参数'!$B$3,"继续观察","淘汰/搁置"))))
... R21: =G21*'评分标准'!$B$2/5+H21*'评分标准'!$B$3/5+I21*'评分标准'!$B$4/5+J21*'评分标准'!$B$5/5+K21*'评分标准'!$B$6/5+L21*'评分标准'!$B$7/5+M21*'评分标准'!$B$8/5+N21*'评分标准'!$B$9/5+O21*'评分标准'!$B$10/5+P21*'评分标准'!$B$11/5 | S21: =IF(A21="","",IF(Q21<3,"证据不足",IF(R21>='门禁参数'!$B$2,"进入MVP",IF(R21>='门禁参数'!$B$3,"继续观察","淘汰/搁置"))))

Sheet 评分标准
A1: 指标 | B1: 权重 | C1: 1分锚点 | D1: 3分锚点 | E1: 5分锚点 | F1: 优先证据
A2: 痛点强度 | B2: 15 | C2: 低频/可忽略 | D2: 明显麻烦但有普通替代 | E2: 高损失/高焦虑/高犯错成本 | F2: 抱怨、复盘、失败案例
A3: 小红书需求强度 | B3: 15 | C3: 几乎无相关近期信号 | D3: 持续有内容但互动一般 | E3: 近90天持续有高互动/相关内容 | F3: 搜索结果、近期代表笔记
A4: 收藏/保存意图 | B4: 10 | C4: 偏娱乐/一次性 | D4: 存在工具性收藏 | E4: 清单/模板/流程型强保存 | F4: 收藏数、收藏/点赞比
A5: 求资料信号 | B5: 15 | C5: 几乎无人索取 | D5: 偶有求模板/完整版 | E5: 大量求/蹲/下载/购买 | F5: 评论需求样本
A6: 付费验证 | B6: 15 | C6: 无交易证据 | D6: 少量在售/评价 | E6: 多平台持续成交/成熟定价 | F6: 商品、销量、评价、价格
A7: 竞争友好度 | B7: 10 | C7: 高度同质/价格战 | D7: 竞争中等 | E7: 供给少/质量差/缺口明显 | F7: 竞品数量、同质化
A8: 差异化空间 | B8: 8 | C8: 只能换皮 | D8: 可细分优化 | E8: 可工具化/自动化/持续更新 | F8: 差评、缺项、新形态
A9: 制作成本友好度 | B9: 4 | C9: 生产维护成本高 | D9: 数天可完成MVP | E9: 1天内可形成MVP | F9: 工时、依赖、更新难度
A10: 更新/复购潜力 | B10: 3 | C10: 一次性且易过时 | D10: 季度/年度更新 | E10: 持续更新/系列化/复购 | F10: 政策、工具、阶段变化
A11: 合规友好度 | B11: 5 | C11: 高版权/资质/违规风险 | D11: 可做但需严格审核 | E11: 版权清晰、类目明确、低风险 | F11: 官方规则、版权、监管
A12: 权重合计 | B12: =SUM(B2:B11)

Sheet 门禁参数
A1: 参数 | B1: 值 | C1: 说明
A2: MVP门槛 | B2: 75 | C2: 总分达到且证据充分度≥3时进入MVP
A3: 观察门槛 | B3: 60 | C3: 60–74.9分进入观察池
A4: 最低证据充分度 | B4: 3 | C4: 低于3不允许自动进入MVP
A5: 建议最低证据条数 | B5: 10 | C5: 至少覆盖2类独立证据
A6: 近期信号窗口(天) | B6: 90 | C6: 趋势判断优先最近90天
A7: 规则复核周期(天) | B7: 30 | C7: 至少每30天复核
A8: 评分复核周期(天) | B8: 14 | C8: 建议每两周重算

Sheet 看板
A1: 虚拟资料赛道机会评分看板 | B1: 值 | C1: 说明
A2: 候选赛道数 | B2: =COUNTIF('评分录入'!A2:A1000,"<>") | C2: 已填写track_id
A3: 平均总分 | B3: =IFERROR(AVERAGEIF('评分录入'!R2:R1000,">0"),0)
A4: 进入MVP | B4: =COUNTIF('评分录入'!S2:S1000,"进入MVP")
A5: 继续观察 | B5: =COUNTIF('评分录入'!S2:S1000,"继续观察")
A6: 淘汰/搁置 | B6: =COUNTIF('评分录入'!S2:S1000,"淘汰/搁置")
A7: 证据不足 | B7: =COUNTIF('评分录入'!S2:S1000,"证据不足")
A8: 版本 | B8: v1.0 | C8: 评分只做初筛，最终以真实支付验证为准
